{
  "classifier_accuracy": 0.611965811965812,
  "classifier_cv_mean": 0.3244444444444444,
  "classifier_cv_std": 0.06232545207834171,
  "regressor_r2": 0.7197889021702701,
  "regressor_mae": 5.19667350295289,
  "regressor_cv_mean": 0.006592179026243117,
  "n_samples": 2925,
  "subjects": [
    "sub-01",
    "sub-02",
    "sub-03",
    "sub-04",
    "sub-05"
  ],
  "tasks": [
    "eyesclosed",
    "eyesopen",
    "mathematic",
    "memory",
    "music"
  ],
  "classification_report": {
    "eyesclosed": {
      "precision": 0.5481481481481482,
      "recall": 0.6324786324786325,
      "f1-score": 0.5873015873015873,
      "support": 117.0
    },
    "eyesopen": {
      "precision": 0.7741935483870968,
      "recall": 0.8205128205128205,
      "f1-score": 0.7966804979253111,
      "support": 117.0
    },
    "mathematic": {
      "precision": 0.6495726495726496,
      "recall": 0.6495726495726496,
      "f1-score": 0.6495726495726496,
      "support": 117.0
    },
    "memory": {
      "precision": 0.5098039215686274,
      "recall": 0.4444444444444444,
      "f1-score": 0.4748858447488584,
      "support": 117.0
    },
    "music": {
      "precision": 0.5607476635514018,
      "recall": 0.5128205128205128,
      "f1-score": 0.5357142857142857,
      "support": 117.0
    },
    "accuracy": 0.611965811965812,
    "macro avg": {
      "precision": 0.6084931862455847,
      "recall": 0.6119658119658119,
      "f1-score": 0.6088309730525384,
      "support": 585.0
    },
    "weighted avg": {
      "precision": 0.6084931862455847,
      "recall": 0.611965811965812,
      "f1-score": 0.6088309730525385,
      "support": 585.0
    }
  },
  "confusion_matrix": [
    [
      74,
      7,
      11,
      17,
      8
    ],
    [
      6,
      96,
      4,
      1,
      10
    ],
    [
      20,
      1,
      76,
      12,
      8
    ],
    [
      22,
      12,
      10,
      52,
      21
    ],
    [
      13,
      8,
      16,
      20,
      60
    ]
  ],
  "confusion_labels": [
    "eyesclosed",
    "eyesopen",
    "mathematic",
    "memory",
    "music"
  ]
}